{"mode": "val", "epoch": 10, "iter": 3, "lr": 0.0004, "AP": 0.32302, "AP .5": 0.70627, "AP .75": 0.19357, "AP (M)": 0.24158, "AP (L)": 0.34637, "AR": 0.41807, "AR .5": 0.77108, "AR .75": 0.3253, "AR (M)": 0.31667, "AR (L)": 0.42597}
{"mode": "val", "epoch": 20, "iter": 3, "lr": 0.0005, "AP": 0.34466, "AP .5": 0.694, "AP .75": 0.25049, "AP (M)": 0.29426, "AP (L)": 0.402, "AR": 0.45301, "AR .5": 0.74699, "AR .75": 0.39759, "AR (M)": 0.33333, "AR (L)": 0.46234}
{"mode": "val", "epoch": 30, "iter": 3, "lr": 0.0005, "AP": 0.29772, "AP .5": 0.68565, "AP .75": 0.1648, "AP (M)": 0.3495, "AP (L)": 0.31194, "AR": 0.4, "AR .5": 0.74699, "AR .75": 0.28916, "AR (M)": 0.46667, "AR (L)": 0.39481}
{"mode": "val", "epoch": 40, "iter": 3, "lr": 0.0005, "AP": 0.29918, "AP .5": 0.64096, "AP .75": 0.20399, "AP (M)": 0.34806, "AP (L)": 0.31531, "AR": 0.38434, "AR .5": 0.68675, "AR .75": 0.31325, "AR (M)": 0.45, "AR (L)": 0.37922}
{"mode": "val", "epoch": 50, "iter": 3, "lr": 0.0005, "AP": 0.29572, "AP .5": 0.66611, "AP .75": 0.15111, "AP (M)": 0.28818, "AP (L)": 0.31753, "AR": 0.39036, "AR .5": 0.71084, "AR .75": 0.3012, "AR (M)": 0.38333, "AR (L)": 0.39091}
{"mode": "val", "epoch": 60, "iter": 3, "lr": 0.0005, "AP": 0.36712, "AP .5": 0.77215, "AP .75": 0.23141, "AP (M)": 0.21806, "AP (L)": 0.40754, "AR": 0.45904, "AR .5": 0.83133, "AR .75": 0.3494, "AR (M)": 0.43333, "AR (L)": 0.46104}
{"mode": "val", "epoch": 70, "iter": 3, "lr": 0.0005, "AP": 0.34592, "AP .5": 0.72458, "AP .75": 0.24894, "AP (M)": 0.28742, "AP (L)": 0.37176, "AR": 0.43253, "AR .5": 0.77108, "AR .75": 0.37349, "AR (M)": 0.36667, "AR (L)": 0.43766}
{"mode": "val", "epoch": 80, "iter": 3, "lr": 0.0005, "AP": 0.3477, "AP .5": 0.68301, "AP .75": 0.21308, "AP (M)": 0.33487, "AP (L)": 0.37057, "AR": 0.43253, "AR .5": 0.72289, "AR .75": 0.3253, "AR (M)": 0.36667, "AR (L)": 0.43766}
{"mode": "val", "epoch": 90, "iter": 3, "lr": 0.0005, "AP": 0.35489, "AP .5": 0.68668, "AP .75": 0.25574, "AP (M)": 0.31432, "AP (L)": 0.36916, "AR": 0.41205, "AR .5": 0.71084, "AR .75": 0.3253, "AR (M)": 0.35, "AR (L)": 0.41688}
{"mode": "val", "epoch": 100, "iter": 3, "lr": 0.0005, "AP": 0.33825, "AP .5": 0.71297, "AP .75": 0.24133, "AP (M)": 0.34809, "AP (L)": 0.3459, "AR": 0.38795, "AR .5": 0.74699, "AR .75": 0.3012, "AR (M)": 0.46667, "AR (L)": 0.38182}
{"mode": "val", "epoch": 110, "iter": 3, "lr": 0.0005, "AP": 0.3842, "AP .5": 0.6927, "AP .75": 0.3349, "AP (M)": 0.37074, "AP (L)": 0.39888, "AR": 0.45181, "AR .5": 0.72289, "AR .75": 0.42169, "AR (M)": 0.53333, "AR (L)": 0.44545}
{"mode": "val", "epoch": 120, "iter": 3, "lr": 0.0005, "AP": 0.38306, "AP .5": 0.73551, "AP .75": 0.30285, "AP (M)": 0.34495, "AP (L)": 0.39549, "AR": 0.45181, "AR .5": 0.78313, "AR .75": 0.39759, "AR (M)": 0.51667, "AR (L)": 0.44675}
{"mode": "val", "epoch": 130, "iter": 3, "lr": 0.0005, "AP": 0.32211, "AP .5": 0.67288, "AP .75": 0.18424, "AP (M)": 0.38481, "AP (L)": 0.31833, "AR": 0.39518, "AR .5": 0.72289, "AR .75": 0.28916, "AR (M)": 0.56667, "AR (L)": 0.38182}
{"mode": "val", "epoch": 140, "iter": 3, "lr": 0.0005, "AP": 0.40277, "AP .5": 0.77192, "AP .75": 0.27103, "AP (M)": 0.30215, "AP (L)": 0.426, "AR": 0.47831, "AR .5": 0.80723, "AR .75": 0.38554, "AR (M)": 0.36667, "AR (L)": 0.48701}
{"mode": "val", "epoch": 150, "iter": 3, "lr": 0.0005, "AP": 0.38685, "AP .5": 0.75469, "AP .75": 0.29363, "AP (M)": 0.27808, "AP (L)": 0.40986, "AR": 0.46506, "AR .5": 0.80723, "AR .75": 0.39759, "AR (M)": 0.45, "AR (L)": 0.46623}
{"mode": "val", "epoch": 160, "iter": 3, "lr": 0.0005, "AP": 0.29692, "AP .5": 0.56409, "AP .75": 0.2014, "AP (M)": 0.22991, "AP (L)": 0.3187, "AR": 0.36024, "AR .5": 0.60241, "AR .75": 0.28916, "AR (M)": 0.4, "AR (L)": 0.35714}
{"mode": "val", "epoch": 170, "iter": 3, "lr": 0.0005, "AP": 0.38818, "AP .5": 0.78672, "AP .75": 0.26263, "AP (M)": 0.22449, "AP (L)": 0.43314, "AR": 0.47831, "AR .5": 0.83133, "AR .75": 0.38554, "AR (M)": 0.4, "AR (L)": 0.48442}
{"mode": "val", "epoch": 180, "iter": 3, "lr": 5e-05, "AP": 0.3759, "AP .5": 0.75707, "AP .75": 0.26034, "AP (M)": 0.25467, "AP (L)": 0.40686, "AR": 0.4506, "AR .5": 0.78313, "AR .75": 0.36145, "AR (M)": 0.4, "AR (L)": 0.45455}
{"mode": "val", "epoch": 190, "iter": 3, "lr": 5e-05, "AP": 0.36451, "AP .5": 0.72769, "AP .75": 0.24194, "AP (M)": 0.23819, "AP (L)": 0.38862, "AR": 0.42289, "AR .5": 0.75904, "AR .75": 0.3253, "AR (M)": 0.4, "AR (L)": 0.42468}
{"mode": "val", "epoch": 200, "iter": 3, "lr": 5e-05, "AP": 0.38543, "AP .5": 0.72139, "AP .75": 0.26958, "AP (M)": 0.25917, "AP (L)": 0.4139, "AR": 0.45301, "AR .5": 0.75904, "AR .75": 0.36145, "AR (M)": 0.5, "AR (L)": 0.44935}
{"mode": "val", "epoch": 210, "iter": 3, "lr": 1e-05, "AP": 0.38797, "AP .5": 0.72286, "AP .75": 0.28545, "AP (M)": 0.27534, "AP (L)": 0.41486, "AR": 0.45301, "AR .5": 0.75904, "AR .75": 0.37349, "AR (M)": 0.5, "AR (L)": 0.44935}

-----Analyze train time of checkpoints/hrnet32w.log.json-----
slowest epoch 177, average time is 4.6748
fastest epoch 61, average time is 4.1615
time std over epochs is 0.0466
average iter time: 4.4541 s/iter