{"mode": "val", "epoch": 10, "iter": 3, "lr": 0.0004, "AP": 0.28772, "AP .5": 0.75809, "AP .75": 0.15076, "AP (M)": 0.33215, "AP (L)": 0.29909, "AR": 0.37831, "AR .5": 0.79518, "AR .75": 0.3012, "AR (M)": 0.4, "AR (L)": 0.37662}
{"mode": "val", "epoch": 20, "iter": 3, "lr": 0.0005, "AP": 0.27591, "AP .5": 0.5949, "AP .75": 0.16441, "AP (M)": 0.26347, "AP (L)": 0.29872, "AR": 0.36506, "AR .5": 0.6506, "AR .75": 0.3012, "AR (M)": 0.4, "AR (L)": 0.36234}
{"mode": "val", "epoch": 30, "iter": 3, "lr": 0.0005, "AP": 0.33497, "AP .5": 0.69143, "AP .75": 0.24955, "AP (M)": 0.31678, "AP (L)": 0.35161, "AR": 0.40482, "AR .5": 0.72289, "AR .75": 0.3494, "AR (M)": 0.36667, "AR (L)": 0.40779}
{"mode": "val", "epoch": 40, "iter": 3, "lr": 0.0005, "AP": 0.31814, "AP .5": 0.72613, "AP .75": 0.20234, "AP (M)": 0.19849, "AP (L)": 0.33439, "AR": 0.38554, "AR .5": 0.77108, "AR .75": 0.27711, "AR (M)": 0.4, "AR (L)": 0.38442}
{"mode": "val", "epoch": 50, "iter": 3, "lr": 0.0005, "AP": 0.326, "AP .5": 0.68638, "AP .75": 0.20428, "AP (M)": 0.29524, "AP (L)": 0.3538, "AR": 0.39639, "AR .5": 0.72289, "AR .75": 0.3012, "AR (M)": 0.35, "AR (L)": 0.4}
{"mode": "val", "epoch": 60, "iter": 3, "lr": 0.0005, "AP": 0.33439, "AP .5": 0.72916, "AP .75": 0.17304, "AP (M)": 0.2754, "AP (L)": 0.3677, "AR": 0.42289, "AR .5": 0.75904, "AR .75": 0.3012, "AR (M)": 0.36667, "AR (L)": 0.42727}
{"mode": "val", "epoch": 70, "iter": 3, "lr": 0.0005, "AP": 0.37436, "AP .5": 0.74104, "AP .75": 0.25694, "AP (M)": 0.32285, "AP (L)": 0.3992, "AR": 0.45542, "AR .5": 0.79518, "AR .75": 0.36145, "AR (M)": 0.38333, "AR (L)": 0.46104}
{"mode": "val", "epoch": 80, "iter": 3, "lr": 0.0005, "AP": 0.3233, "AP .5": 0.63021, "AP .75": 0.24361, "AP (M)": 0.34694, "AP (L)": 0.33485, "AR": 0.38795, "AR .5": 0.6747, "AR .75": 0.3253, "AR (M)": 0.38333, "AR (L)": 0.38831}
{"mode": "val", "epoch": 90, "iter": 3, "lr": 0.0005, "AP": 0.32662, "AP .5": 0.69219, "AP .75": 0.19508, "AP (M)": 0.36222, "AP (L)": 0.34122, "AR": 0.37831, "AR .5": 0.73494, "AR .75": 0.25301, "AR (M)": 0.4, "AR (L)": 0.37662}
{"mode": "val", "epoch": 100, "iter": 3, "lr": 0.0005, "AP": 0.30491, "AP .5": 0.66156, "AP .75": 0.18501, "AP (M)": 0.32054, "AP (L)": 0.3187, "AR": 0.35663, "AR .5": 0.6747, "AR .75": 0.26506, "AR (M)": 0.38333, "AR (L)": 0.35455}
{"mode": "val", "epoch": 110, "iter": 3, "lr": 0.0005, "AP": 0.35234, "AP .5": 0.66519, "AP .75": 0.28208, "AP (M)": 0.32446, "AP (L)": 0.36635, "AR": 0.41928, "AR .5": 0.71084, "AR .75": 0.37349, "AR (M)": 0.48333, "AR (L)": 0.41429}
{"mode": "val", "epoch": 120, "iter": 3, "lr": 0.0005, "AP": 0.31833, "AP .5": 0.62059, "AP .75": 0.21364, "AP (M)": 0.28743, "AP (L)": 0.33208, "AR": 0.37952, "AR .5": 0.6747, "AR .75": 0.26506, "AR (M)": 0.41667, "AR (L)": 0.37662}
{"mode": "val", "epoch": 130, "iter": 3, "lr": 0.0005, "AP": 0.30013, "AP .5": 0.62419, "AP .75": 0.1983, "AP (M)": 0.44149, "AP (L)": 0.299, "AR": 0.36265, "AR .5": 0.66265, "AR .75": 0.3012, "AR (M)": 0.56667, "AR (L)": 0.34675}
{"mode": "val", "epoch": 140, "iter": 3, "lr": 0.0005, "AP": 0.29046, "AP .5": 0.63437, "AP .75": 0.16791, "AP (M)": 0.31189, "AP (L)": 0.30291, "AR": 0.37349, "AR .5": 0.6747, "AR .75": 0.28916, "AR (M)": 0.41667, "AR (L)": 0.37013}
{"mode": "val", "epoch": 150, "iter": 3, "lr": 0.0005, "AP": 0.27094, "AP .5": 0.55505, "AP .75": 0.14836, "AP (M)": 0.31657, "AP (L)": 0.28379, "AR": 0.35422, "AR .5": 0.61446, "AR .75": 0.26506, "AR (M)": 0.46667, "AR (L)": 0.34545}
{"mode": "val", "epoch": 160, "iter": 3, "lr": 0.0005, "AP": 0.32455, "AP .5": 0.65346, "AP .75": 0.21199, "AP (M)": 0.34208, "AP (L)": 0.32906, "AR": 0.36867, "AR .5": 0.6747, "AR .75": 0.27711, "AR (M)": 0.35, "AR (L)": 0.37013}
{"mode": "val", "epoch": 170, "iter": 3, "lr": 0.0005, "AP": 0.32912, "AP .5": 0.63976, "AP .75": 0.23459, "AP (M)": 0.29392, "AP (L)": 0.3386, "AR": 0.38072, "AR .5": 0.66265, "AR .75": 0.31325, "AR (M)": 0.38333, "AR (L)": 0.38052}
{"mode": "val", "epoch": 180, "iter": 3, "lr": 5e-05, "AP": 0.39659, "AP .5": 0.73948, "AP .75": 0.28069, "AP (M)": 0.39122, "AP (L)": 0.40491, "AR": 0.44819, "AR .5": 0.77108, "AR .75": 0.3494, "AR (M)": 0.45, "AR (L)": 0.44805}
{"mode": "val", "epoch": 190, "iter": 3, "lr": 5e-05, "AP": 0.39634, "AP .5": 0.71484, "AP .75": 0.29616, "AP (M)": 0.38842, "AP (L)": 0.40509, "AR": 0.44217, "AR .5": 0.74699, "AR .75": 0.36145, "AR (M)": 0.41667, "AR (L)": 0.44416}
{"mode": "val", "epoch": 200, "iter": 3, "lr": 5e-05, "AP": 0.39616, "AP .5": 0.71857, "AP .75": 0.32411, "AP (M)": 0.34309, "AP (L)": 0.40533, "AR": 0.44578, "AR .5": 0.75904, "AR .75": 0.39759, "AR (M)": 0.41667, "AR (L)": 0.44805}
{"mode": "val", "epoch": 210, "iter": 3, "lr": 1e-05, "AP": 0.39457, "AP .5": 0.71851, "AP .75": 0.30667, "AP (M)": 0.39182, "AP (L)": 0.40136, "AR": 0.44337, "AR .5": 0.75904, "AR .75": 0.37349, "AR (M)": 0.43333, "AR (L)": 0.44416}

-----Analyze train time of checkpoints/resnet50.log.json-----
slowest epoch 153, average time is 4.4229
fastest epoch 34, average time is 4.0913
time std over epochs is 0.1208
average iter time: 4.2506 s/iter